path,bytes,sha256
.devcontainer/devcontainer.json,512,636ffe9fdf8f58fbba48e06b238f68328d76e9489b32c5fa9e38fb092528c0df
.editorconfig,202,6a276a0a282a1c0af19308fbd16447f2c8fb8950e4dede8d7062c120e520a3f4
.github/CODEOWNERS,17,ef4f714c1e68fc604aca9f06df28ecc876beaff1fb35c833be19ed8bffc7ac8b
.github/ISSUE_TEMPLATE/bug_report.md,248,48c0287522c87b943f9d4c558f567f2672ec093d62668fc80a94be20acf92c1d
.github/ISSUE_TEMPLATE/research_proposal.md,298,036fc722a760d3d98d68e4ac6eb4c9f61e0fbc85acfdbfdc39ffa2959448b719
.github/PULL_REQUEST_TEMPLATE.md,1123,d1ed6b5573762b710cbd2c1ed3861e1fc83bb1b2b0e2008146011608503f932e
.github/dependabot.yml,199,95fbf3f7567b8cdff879ca97aaf004cb2bc521eb0e2e9e32e963f30669ca2d0d
.github/workflows/ci.yml,1514,7f265592fb795649f85f67c6c7dde5ab6cc7beaba1b2b032849e0083290adbb3
.github/workflows/docs.yml,2131,e24a11725cc709a2d547a52703b50e2b08cce1f1b7c093eb741284aa6c914abf
.github/workflows/release.yml,2096,0813774972d4980de2677e5011b33760a531e2c9db073fdfec3e0fb477c77d59
.gitignore,183,63a39fe6d6fb4465495ee011e2ffa4b5d55614666f1c174487a159e3578e2f9e
.python-version,5,7b55f8e67b5623c4bef3fa691288da9437d79d3aba156de48d481db32ac7d16d
AUTHORS.md,328,d11432afb6c61995979aac9b6e1b17926b57b96c09869a20204c671b1b3b4f6b
CHANGELOG.md,2544,592c0a48968cbef4aa7fe0e70a9eaa22aab60cbaf24f163015195cad79459a4e
CITATION.cff,794,71eb8bc56d49fc05d6e7f522a08fa9d9545bc08c226649dac728ab5b063f839f
CODE_OF_CONDUCT.md,244,154fc32155840865b41ddcdf84874ed92f4ef47dee250c3ec201e4a36556e5f0
CONTRIBUTING.md,970,bbe26aa8e47161fea3b353b49530c3097618b03ee3517ec3228773daae3ef813
LICENSE,11358,cfc7749b96f63bd31c3c42b5c471bf756814053e847c10f3eb003417bc523d30
Makefile,1266,1c1f84a740ff0fc9c7a73518998cf3220e25995b2e61c1e2ebeddcb508c30cff
NO-RH-CLAIM.md,477,aa93875072106200c05052df8c35cac1cbc931249e7c70eaeea233e39388fa24
NOTICE,257,656b068e0b058cc87937bf29b4784e13fe7c9681310ee88bf390664c8e01e561
OnePointResolvent.lean,468,d43d10dda512a4b4e4fe4603433cdd17bab0180084211f9e69e3d5c9e43b228e
OnePointResolvent/Basic.lean,1163,da2ca1cfd7708260a871985b77289b34527f14206ac4a4327e1f049caf79d4be
OnePointResolvent/ErrorBudget.lean,881,9356e4fc9c554ee1c06aa55d68f003c65b1229c593ca6ae7fcaf45d3cb05aa55
OnePointResolvent/Examples.lean,880,1feb40c858b0dc23b4afcc331f5ab4fbdb9427ce5e18b27e03dba571dde59762
OnePointResolvent/FiniteCertificates.lean,3161,cb97fe3c28b6626ab35d4423e7e6dfe0fb7efeb96fecc5627fd32047c9235aac
OnePointResolvent/HausdorffFinite.lean,1929,a4f0cd79818e605e416d1a84c8c08ac89c470c8172ea18f6dd7a65679b81bf8f
OnePointResolvent/Oracle.lean,1168,6e824acbdbf74a15e729f7e7069f989a7b8870a864319df5d95ac4d8f8117a88
OnePointResolvent/ResolventCompactification.lean,2881,ce2d58911c1294c3821743f6cfab556e384a2eee05eb363e63d5555069b5ec31
README.md,2934,c1098145288fbbddef6c51702ab7d6a8120c86ae453d4e23ed827c1382d61048
SECURITY.md,1056,8122df5b94a066fa83dcc8c206da33a342b13ba842e47327f15da02147471988
STATUS.md,664,06ee6af3854b47aeaff6560d0bea335e967c4ee8a4dd3329c0617347b0dfc187
VERSION,22,cb585a66c39eab4db41452e319747447aa4a28f898caff317dd54d2a6bc4276e
codemeta.json,792,fdd9afb70042c8d43c3b16ffea06da28a802d8f82b0595a86356de9018ebcade
docs/FORMAL_PROOF_PLAN.md,1549,c51bb3de6c06d11850654b18cdaa2e013590f02d114f8800799ce848b5d5ddae
docs/LEAN_MAP.md,1217,36a97118cff523937f8bf0b354d216b93b552fd158ff17acd53a1c34a03b0222
docs/LICENSE.md,152,e9553a23e01514e49cd7289497e8fb8815fdc4e6adb6dfabdcb1b65803852c12
docs/MATHEMATICAL_STATUS.md,1375,94cae7d8a99c315e95dd0a577f7ee92fa062c7b5dcc26757884f04e833942b55
docs/MIGRATION-v0.3.md,597,8ad812ecbf6ba7d41e4e52b898a0c979bbd25a35f6d29bb77e769d0b78490cc9
docs/NUMERICAL_PROTOCOL.md,869,19ce145ff9132851b018f45a4ff7b2be08c697635355ea98f2d20c3db71a5bed
docs/PROGRAMME_RELATION.md,1051,198f9223bee9b3284d1b602f7760bd8135580096cd713949d28ff1f7db347f1e
docs/PUBLICATION_GATE.md,955,0756dd0b630ab1728b698301f6159fb36cadd8c6d2fddb163afc500f02554e02
docs/REPRODUCIBILITY.md,3424,78631d61a8ff881debf8f6557d7d6cbd8e5d4ee6e3c0888b1b778472f784cce2
docs/REVIEWER_GUIDE.md,1443,2d9aab23751765cd9bfc757c6d8afa3cf5e20dade1d8b5d8ddceca3fbdc8f094
docs/THEOREM_LEDGER.md,2575,a518531f1401462c39c85899e8bc632519dcc994ea7f1b46a89e0c415099b8b7
docs/assets/data/exact_atomic_certificate.json,2096,d0d0d6592e7b034050f1ed9c3df02e76a61297ba15f39de96796fc36f54ad10e
docs/assets/data/finite_signed_differences.csv,1932,ad04abf57ac2e1fc2c9b59e7eeee07b9ad87c16284116b400778c94f1058c3f9
docs/assets/images/finite_moment_differences.png,46299,808a7353066d87920f576ac140be0e5361ed9407ebacb2320201be7c477b4135
docs/assets/images/finite_moment_differences.svg,39572,d999e5810a91c718289c8fdaed0853dc92654959fc33de5778b2e1d568e1d18c
docs/assets/images/finite_resolvent_observable.png,75778,6740baa0fffc1c3607c0b0135924a2515dffb1e16201324cc077c26cc851ca8d
docs/assets/images/finite_resolvent_observable.svg,29295,44abcedbcd65a4effd480750ce8eec4478441afe03f6dc0f9232ff61dc7be885
docs/assets/images/one_point_pipeline.png,34149,33d899687a395afa24af035e6a2d8a3ba549fb4d8dd0e7b4da3137dac0a7063c
docs/assets/images/one_point_pipeline.svg,5711,a26c17f2292e5e1b6763293fb1b5ed950d91d0101a6cab24fe0593972d566a96
docs/assets/images/programme_architecture.png,41928,1c6a95c3476854e9da9703e2143e6dc2ec607451a536425132a4e8d67369baff
docs/assets/images/programme_architecture.svg,4203,56e1d03a3be4c0f16f247fc91ccf62f988e7a3c345befd88af2ac16c8d99056a
docs/assets/images/resolvent_compactification.png,103706,10527d8997fbd2934662a2238de5642b00279dc47e4970904ad56b80392e3927
docs/assets/images/resolvent_compactification.svg,41400,5cf033f25516097d53470cf230d556a2b0e0461c96be956baa0ea964985a73d2
docs/contracts/resolvent-interface.json,1610,90bd483be8aa50c78c2d5c85e3eb63d6e902b9ffb4c8712d8c9e4beabf309d71
docs/index.md,1227,0b7c8999d155caefac244d49771f577f2b526eaae42dffbc5043928fa7290132
docs/manuscript/01-target-and-conventions.md,1461,ef065c2b4e88d6791f85f9579745e4f896a0ac8f544b87b7e6c61f5d879b6597
docs/manuscript/02-slit-plane-criterion.md,1555,5986e9dc46a664e8335dae201232749f8a1072b988613c1614b15aae4cf17290
docs/manuscript/03-one-point-hausdorff.md,1760,fae6c383a2adfed391dc03c6faf1fb1b919c37ea11cfc8d2a76a70c026e1c63f
docs/manuscript/04-finite-certificates.md,1233,d89f21298f9cfcf316375692be2a1b58b8e57d46318dde2b427bb43c092cdfd6
docs/manuscript/05-arithmetic-target.md,1089,e3b2214d36f472caa1fcc2b4ef54680bb7457a3b79a32a48e437f04821031dee
docs/manuscript/06-positive-approximants.md,1085,574378b7028e206eb16219574acb30d1d98a85ea0590d195cf37da286fd2e9cf
docs/manuscript/07-lean-formalization.md,1029,fac7a4abb245c45f556540181ff19a9f4c154953c202e8489c2772565b0cafc9
docs/manuscript/08-status-and-novelty.md,949,f1a1354aa2bd85d6b3bfbe2bea33dbce11204222238b882061a0a1f3c03b9003
docs/manuscript/index.md,1864,ec53acb3569b9df54510884aea4c8f05075c5a81d1d842e1e86ac03064d9b048
docs/manuscript/references.md,1049,f76537b0041bcefb180f4a61c7ff285cc9442527b56fc04790eaa497373f792b
figures/src/one_point_pipeline.dot,812,7163525d84f286ce2dfc6fbb02caa893fc88496b4465f28eed1f991871f31faf
figures/src/programme_architecture.dot,666,e89706e813b25eb70a3c9924dc3a931a6ebeba4551e8072aa918252d7c86e7e0
lake-manifest.json,3565,fd21403850e99a8e1a25d6e686d1a73f8a5f6cbf1903bce61487c2fa03c274d5
lakefile.lean,251,41ef3a471501775c13251715b6526c3a275bfedbdbecd186f77867a389e5f3f4
lean-toolchain,25,efac0b94923b2d8b6840cd35be9177ad0fc5ab2332f4f4311c98712cee92fdee
mkdocs.yml,2182,8430d861fdc072ed310c9afcc45c418fdacff1bb50120b3b786e55cd889e42a1
pyproject.toml,336,d2ecda259df2929a014564303c83dc33f28c13fc7abf87c8e1e729ab7078fc81
requirements-docs.txt,37,b3fc22c27bfb9c96b79a2827d7b91e0f91b6546f98d3ed5d1f317f32d460534d
requirements.txt,93,e12de004596a6bd4814e80dee381dc8a7cb7de396b0ac3caf82cb52157d8fab0
schemas/exact_atomic_certificate.schema.json,1654,f07bf8eaa158b24ac01231c0f64551755fb62811ec009328bfc47ed84972aa16
scripts/check_certificate.py,2605,82c86d3aa9ff0cd00800885923a31c0e87c87fd1f36b310b8870da93f831d332
scripts/check_docs_assets.py,2806,d5b8ee70a02949b87a8e4bca052d6c0248dfd054626c171ac25ce38373a3b872
scripts/check_generated_reproducibility.py,5285,ab9a1b8ab82ed594e1c4d80ca634da86ee386107000d01a8e5254609633bdf5e
scripts/check_markdown_links.py,2361,d5d5177e4b34e9f9dff82141cbcd728c17345bb48dc005375a670b8235f78879
scripts/check_metadata.py,12037,c7f095222c224f82df58b89c31d57749359967c7123ce91d479f526a026b2c34
scripts/check_no_placeholders.py,8358,c1f8a3912e9461b135cbf7b4f7d930a8a6b5ab6c655aa8b26dd0e7cf5882f340
scripts/check_oracle_coverage.py,9270,077c2bb0fd922c8f8cdcd5dbae9366be32741f8a6bd64aaa3c1e477d50791e7c
scripts/check_release.py,660,2a61b0b2b587b8ea230220a1bd1ac8802030f6d0f1b99855a2b1b3cbc4c26cb6
scripts/check_repo_hygiene.py,3481,3c66ad762e97bb3170b264c09c1b3435dbf64a849c1024d67ce6ab2335568277
scripts/check_workflows.py,7780,057f5bad765ded67d6171f5ffea627968b6cceb6201d30fc28cfaaab1b528012
scripts/exact_atomic_certificate.py,3003,b7e8a01c92a6bd2a15e84c3166497e9507b60dfb85205b870a3aec90d397420e
scripts/generate_figures.py,4342,c93b5233689ab5fddb7b88271db808c35d9cf18ecf7faca0b6dd7b56957f02b6
scripts/generate_manifest.py,2097,1589238a8c8c253c3339034f20c4c87f8f47e9f3835380713eb0617e9a1c1c58
scripts/package_release.py,9877,cbfa2429e6712ab428024b06b0103a1a1970a817d7063c1ff6d2ba4b41a03059
scripts/release_common.py,16338,b299df0dc0c6f9fddd76f345992d3237e7dd44d2c45beca1b53b0baf819abb93
scripts/verify.sh,150,3c54cc185c8a66d7eaea509a16a24e2865d9d5d9ba8440a421733759902acdb6
scripts/verify_lean.sh,252,f54eef3a24b49835c6c1482e6bf1f41d1f441c133d7e4e982d63e70ab478c3a4
scripts/verify_static.sh,814,959e405969902e97462d5e52616781c2ea520ef3a8ead9b722e307d18a040773
tests/test_compactification.py,399,d4570d862f975e1108f97bc63558ef4ffdf2888f0dbefbd60afb3f2d88c05438
tests/test_docs_assets.py,1424,43c2bb244e5eafc7bd3e634236c71978b6909a98628acbeff9cd80a5e73b4c7d
tests/test_exact_certificate.py,699,f86fc4803f733850228472bace859508106cc686bb339b280b924ef4787b692d
tests/test_generated_reproducibility.py,2024,b738f2c13b3d8ec9b2959b164c1125485dc7f9b513d0484b4ddd7779371c284b
tests/test_lean_source_audit.py,3395,38afb9f7165090686e3d64f4563234d4e001c7b1c14a1f837cbd8c40e926f53b
tests/test_markdown_links.py,2161,ea2836d0c6e11b30eb86d396a8c6112dec3646af40e6763c6edb548f6ca07ce7
tests/test_metadata_policy.py,5612,137f2b310476e2513c6760ef9a1725f57d50382b222c9ca297a9ea19d8e7ac3d
tests/test_oracle_coverage.py,4572,68e19cbd0571e5b90aa774d7f9a6aa7572db50f11855124c08969f8dc8584ef9
tests/test_prime_tail.py,355,71b56724c9ae9afb0b628ebd04fcbc8f0ea597b1097e8647d5a9fd17a9db10c6
tests/test_release_tooling_subproject.py,8818,99a063c5664d3c2eb02a1fe3ac58d061c608757c74460ce33bd27aaef8bea25a
tests/test_repo_hygiene.py,1559,3aedf41d91ae78052bfd25c8ba3a6641074b1ec92819246de763cd42b6b768c9
tests/test_workflow_policy.py,4376,47a06dccf2273da87bada85e4e8d7f1e98de09169db865b2fe34591de99f27dc
