delta,N,majorant
0.1,3.0,99.43895572524835
0.1,3.0861828448117774,99.410758129613
0.1,3.174841517203505,99.38192461446012
0.1,3.266047141796551,99.35245900244135
0.1,3.359872886453018,99.32236509967213
0.1,3.4563940209731774,99.29164669579475
0.1,3.5556879774791397,99.26030756404099
0.1,3.657834412533203,99.22835146129468
0.1,3.762915271040712,99.19578212815397
0.1,3.8710148519887015,99.16260328899341
0.1,3.982219876073044,99.12881865202584
0.1,4.0966195552683695,99.0944319093639
0.1,4.214305664396565,99.0594467370816
0.1,4.335372614751259,99.02386679527535
0.1,4.459917529837372,98.98769572812503
0.1,4.588040323286472,98.95093716395476
0.1,4.719843779010464,98.91359471529334
0.1,4.855433633657895,98.87567197893463
0.1,4.994918661439035,98.83717253599777
0.1,5.138410761387786,98.79809995198679
0.1,5.286025047130402,98.7584577768506
0.1,5.437879939233073,98.71824954504231
0.1,5.594097260202407,98.67747877557844
0.1,5.754802332215077,98.63614897209807
0.1,5.920124077654993,98.5942636229216
0.1,6.0901951225386615,98.55182620110945
0.1,6.265151902911725,98.50884016452035
0.1,6.4451347743020095,98.46530895586973
0.1,6.630288124316896,98.42123600278752
0.1,6.820760488475353,98.3766247178761
0.1,7.016704669367545,98.33147849876778
0.1,7.218277859237605,98.28580072818225
0.1,7.425641766087926,98.23959477398374
0.1,7.638962743406129,98.19286398923796
0.1,7.85841192361877,98.14561171226889
0.1,8.084165355378856,98.09784126671538
0.1,8.31640414479731,98.04955596158743
0.1,8.555314600731673,98.00075909132242
0.1,8.801088384248603,97.95145393584109
0.1,9.05392266238008,97.90164376060322
0.1,9.314020266296659,97.85133181666323
0.1,9.581589854024656,97.8005213407256
0.1,9.856846077837826,97.74921555519994
0.1,10.140009756457783,97.69741766825605
0.1,10.431308052201352,97.64513087387859
0.1,10.730974653216924,97.59235835192173
0.1,11.039249960956028,97.5391032681636
0.1,11.35638128303053,97.48536877436023
0.1,11.682623031610127,97.43115800829983
0.1,12.018236927519377,97.37647409385642
0.1,12.363492210197903,97.32132014104346
0.1,12.71866585369227,97.26569924606731
0.1,13.084042788852807,97.20961449138038
0.1,13.459916131913593,97.15306894573429
0.1,13.846587419639008,97.09606566423251
0.1,14.244366851225493,97.03860768838325
0.1,14.653573537152557,96.98069804615174
0.1,15.074535755182685,96.9223397520126
0.1,15.507591213715518,96.8635358070019
0.1,15.953087322707558,96.80428919876903
0.1,16.41138147237477,96.7446029016285
0.1,16.88284131990163,96.68447987661142
0.1,17.367845084386612,96.62392307151681
0.1,17.86678185026084,96.56293542096286
0.1,18.380051879423142,96.5015198464378
0.1,18.908066932342056,96.43967925635077
0.1,19.4512505983823,96.37741654608237
0.1,20.010038635620756,96.31473459803522
0.1,20.584879320424548,96.251636281684
0.1,21.17623380707165,96.18812445362572
0.1,21.784576497702574,96.12420195762955
0.1,22.410395422899835,96.05987162468644
0.1,23.054192633200618,95.99513627305873
0.1,23.7164846018566,95.92999870832959
0.1,24.39780263916417,95.86446172345201
0.1,25.098693318697336,95.7985280987979
0.1,25.81971891578523,95.73220060220697
0.1,26.561457858586174,95.6654819890353
0.1,27.324505192119872,95.5983750022038
0.1,28.10947305563023,95.53088237224657
0.1,28.916991173661632,95.46300681735896
0.1,29.747707361242703,95.39475104344564
0.1,30.602288043582753,95.32611774416819
0.1,31.481418790697884,95.25710960099289
0.1,32.38580486739565,95.18772928323813
0.1,33.3161717990594,95.1179794481215
0.1,34.27326595368635,95.04786274080713
0.1,35.25785514064612,94.97738179445247
0.1,36.27072922664026,94.90653923025504
0.1,37.31270076935677,94.83533765749911
0.1,38.38460566932803,94.76377967360202
0.1,39.48730384051502,94.69186786416054
0.1,40.62167990015588,94.61960480299685
0.1,41.78864387843218,94.54699305220456
0.1,42.98913194852203,94.47403516219433
0.1,44.224107177626195,94.40073367173966
0.1,45.494560299569116,94.32709110802209
0.1,46.801510509595055,94.25310998667665
0.1,48.14600628199678,94.17879281183686
0.1,49.52912621123284,94.10414207617966
0.1,50.951979877208046,94.02916026097022
0.1,52.41570873541146,93.95384983610657
0.1,53.92148703262588,93.87821326016402
0.1,55.470522748943566,93.80225298043939
0.1,57.06405856684369,93.72597143299531
0.1,58.70337286810918,93.649371042704
0.1,60.38978075938256,93.57245422329116
0.1,62.12463512718363,93.49522337737972
0.1,63.90932772323508,93.41768089653314
0.1,65.74529028096728,93.33982916129894
0.1,67.63399566409723,93.26167054125177
0.1,69.57695904820366,93.18320739503642
0.1,71.5757391362459,93.10444207041081
0.1,73.63193940900169,93.02537690428856
0.1,75.74720941142708,92.94601422278166
0.1,77.92324607597048,92.86635634124286
0.1,80.16179508390225,92.78640556430781
0.1,82.46465226575206,92.70616418593735
0.1,84.83366504197755,92.62563448945934
0.1,87.27073390501991,92.54481874761042
0.1,89.77781394393531,92.46371922257772
0.1,92.35691641282563,92.38233816604038
0.1,95.01011034432591,92.30067781921089
0.1,97.7395242094442,92.21874041287614
0.1,100.54734762508403,92.1365281674387
0.1,103.43583311062022,92.05404329295747
0.1,106.40729789493666,91.97128798918865
0.1,109.46412577537669,91.88826444562616
0.1,112.60876903009535,91.80497484154225
0.1,115.84375038535073,91.72142134602763
0.1,119.17166503930898,91.63760611803183
0.1,122.59518274399034,91.553531306403
0.1,126.11704994702254,91.46919904992801
0.1,129.74009199492374,91.3846114773719
0.1,133.4672153996784,91.29977070751777
0.1,137.30141017042865,91.21467884920592
0.1,141.24575221214747,91.12933800137344
0.1,145.3034057932215,91.04375025309301
0.1,149.47762608392154,90.95791768361222
0.1,153.77176176779594,90.87184236239229
0.1,158.1892577280852,90.7855263491468
0.1,162.7336578113084,90.69897169388031
0.1,167.40860767024344,90.61218043692674
0.1,172.21785768857677,90.52515460898783
0.1,177.16526598957398,90.43789623117104
0.1,182.25480153117945,90.35040731502785
0.1,187.49054729003385,90.26268986259151
0.1,192.87670353695782,90.17474586641475
0.1,198.41759120653552,90.08657730960746
0.1,204.11765536349526,89.9981861658742
0.1,209.981468768674,89.90957439955147
0.1,216.01373554742068,89.82074396564492
0.1,222.21929496338578,89.73169680986648
0.1,228.60312530072326,89.64243486867115
0.1,235.1703478578163,89.55296006929402
0.1,241.92623105573705,89.46327432978663
0.1,248.8761946647285,89.37337955905387
0.1,256.0258141521073,89.28327765689008
0.1,263.38082515506716,89.19297051401541
0.1,270.9471280819796,89.10246001211199
0.1,278.7307928458748,89.01174802385991
0.1,286.7380637339082,88.920836412973
0.1,294.975364416711,88.82972703423472
0.1,303.4493031016521,88.73842173353368
0.1,312.1666778341362,88.64692234789914
0.1,321.1344819511985,88.55523070553625
0.1,330.35990969176885,88.4633486258615
0.1,339.8503619681015,88.37127791953765
0.1,349.6134523030094,88.27902038850861
0.1,359.6570129376559,88.1865778260345
0.1,369.9891011148139,88.09395201672616
0.1,380.61800554262305,88.00114473657989
0.1,391.5522530440389,87.90815775301175
0.1,402.80061539730445,87.81499282489199
0.1,414.372116372929,87.72165170257924
0.1,426.27603897282785,87.62813612795452
0.1,438.5219328774191,87.53444783445528
0.1,451.1196221066644,87.44058854710917
0.1,464.0792129011862,87.34655998256781
0.1,477.41110182979804,87.25236384914024
0.1,491.1259841299368,87.15800184682654
0.1,505.2348622877043,87.06347566735104
0.1,519.7490548643843,86.96878699419561
0.1,534.680205576533,86.87393750263273
0.1,550.0402926369098,86.77892885975841
0.1,565.8416383637606,86.68376272452511
0.1,582.0969190661428,86.58844074777444
0.1,598.8191752132395,86.4929645722698
0.1,616.0218218958129,86.39733583272879
0.1,633.7186595881843,86.30155615585566
0.1,651.92388521939,86.20562716037354
0.1,670.6521035623741,86.10955045705651
0.1,689.9183389503772,86.01332764876176
0.1,709.7380473298967,85.91696033046134
0.1,730.1271286599125,85.82045008927399
0.1,751.1019396673007,85.7237985044969
0.1,772.6793069686918,85.62700714763704
0.1,794.8765405692761,85.53007758244284
0.1,817.7114477494113,85.43301136493531
0.1,841.2023473501446,85.33581004343942
0.1,865.3680844691385,85.23847515861496
0.1,890.2280455787619,85.14100824348776
0.1,915.8021740784968,85.04341082348036
0.1,942.110986294129,84.94568441644282
0.1,969.1755879365477,84.84783053268337
0.1,997.0176910333811,84.74985067499898
0.1,1025.6596313470227,84.65174633870562
0.1,1055.1243862930517,84.55351901166864
0.1,1085.4355933733896,84.455170174333
0.1,1116.6175691390163,84.3567012997533
0.1,1148.6953286974197,84.25811385362364
0.1,1181.694605780468,84.15940929430766
0.1,1215.6418733887647,84.0605890728682
0.1,1250.564365029086,83.96165463309684
0.1,1286.4900965619004,83.86260741154352
0.1,1323.447888676527,83.76344883754601
0.1,1361.4673900119558,83.66418033325904
0.1,1400.5791009418535,83.56480331368368
0.1,1440.8143980428845,83.46531918669629
0.1,1482.2055592659183,83.36572935307761
0.1,1524.7857898303753,83.26603520654153
0.1,1568.5892488624258,83.16623813376394
0.1,1613.651076798471,83.0663395144114
0.1,1660.0074235758302,82.9663407211696
0.1,1707.695477633309,82.8662431197719
0.1,1756.7534957448565,82.76604806902766
0.1,1807.2208337102995,82.66575692085047
0.1,1859.1379779277204,82.56537102028625
0.1,1912.5465778728635,82.46489170554138
0.1,1967.4894795115688,82.36432030801052
0.1,2024.0107596720843,82.26365815230452
0.1,2082.1557614048143,82.16290655627806
0.1,2141.971130357846,82.06206683105738
0.1,2203.504852197493,81.9611402810677
0.1,2266.8062911038037,81.86012820406069
0.1,2331.926229371991,81.75903189114175
0.1,2398.9169081514833,81.65785262679725
0.1,2467.8320693553405,81.55659168892166
0.1,2538.7269987735986,81.45525034884449
0.1,2611.658570425191,81.35382987135732
0.1,2686.6852921839572,81.25233151474049
0.1,2763.867352715417,81.15075653078985
0.1,2843.2666697618884,81.04910616484345
0.1,2924.9469398147494,80.94738165580797
0.1,3008.9736892136634,80.8455842361852
0.1,3095.414326713736,80.74371513209822
0.1,3184.338197562845,80.64177556331786
0.1,3275.8166391324344,80.53976674328862
0.1,3369.923038146499,80.43768987915477
0.1,3466.732889554568,80.33554617178629
0.1,3566.323857096025,80.2333368158047
0.1,3668.7758356042386,80.13106299960882
0.1,3774.1710151006,80.0287259054003
0.1,3882.593946729772,79.92632670920933
0.1,3994.13161058916,79.82386658092003
0.1,4108.873485506898,79.72134668429572
0.1,4226.911620824456,79.61876817700436
0.1,4348.340710241328,79.5161322106435
0.1,4473.258167781147,79.4134399307656
0.1,4601.764205940115,79.31069247690279
0.1,4733.961916080422,79.20789098259193
0.1,4869.957351133233,79.10503657539927
0.1,5009.85961067746,79.00213037694532
0.1,5153.780928462731,78.89917350292924
0.1,5301.8367624465955,78.79616706315363
0.1,5454.145887418369,78.6931121615487
0.1,5610.830490283756,78.59000989619676
0.1,5772.016268086863,78.48686135935648
0.1,5937.832528848055,78.38366763748698
0.1,6108.412295298736,78.28042981127187
0.1,6283.8924115960945,78.17714895564336
0.1,6464.413653103595,78.07382613980603
0.1,6650.120839325118,77.97046242726067
0.1,6841.162950083489,77.86705887582798
0.1,7037.693245036535,77.76361653767225
0.1,7239.86938662649,77.66013645932482
0.1,7447.85356656155,77.5566196817075
0.1,7661.812635930818,77.45306724015607
0.1,7881.918239057269,77.34948016444342
0.1,8108.346951195861,77.2458594788028
0.1,8341.280420187519,77.14220620195084
0.1,8580.90551218236,77.03852134711069
0.1,8827.414461549342,76.93480592203484
0.1,9081.00502509232,76.83106092902801
0.1,9341.880640696492,76.72728736496987
0.1,9610.250590532261,76.62348622133771
0.1,9886.330168947634,76.51965848422911
0.1,10170.340855183764,76.4158051343843
0.1,10462.510491052162,76.3119271472087
0.1,10763.073463716148,76.20802549279517
0.1,11072.2708937232,76.10410113594628
0.1,11390.350828439108,76.00015503619652
0.1,11717.568441038802,75.89618814783432
0.1,12054.18623521395,75.79220141992407
0.1,12400.474255761168,75.68819579632805
0.1,12756.710305220075,75.58417221572824
0.1,13123.180166734608,75.48013161164813
0.1,13500.177833316844,75.37607491247428
0.1,13888.00574369687,75.27200304147806
0.1,14286.975024948242,75.16791691683697
0.1,14697.405742083201,75.06381745165626
0.1,15119.627154818436,74.95970555399015
0.1,15553.977981716993,74.85558212686317
0.1,16000.80667191834,74.75144806829128
0.1,16460.471684674747,74.64730427130303
0.1,16933.341776917747,74.54315162396055
0.1,17419.79629908605,74.43899100938056
0.1,17920.22549945166,74.33482330575517
0.1,18435.03083718877,74.23064938637268
0.1,18964.625304436035,74.12647011963837
0.1,19509.43375761128,74.02228636909504
0.1,20069.893258243872,73.91809899344365
0.1,20646.453423598603,73.8139088465637
0.1,21239.57678737181,73.70971677753374
0.1,21849.739170749785,73.60552363065165
0.1,22477.430064126645,73.50133024545485
0.1,23123.15301978801,73.3971374567406
0.1,23787.42605587581,73.29294609458586
0.1,24470.78207195755,73.18875698436763
0.1,25173.76927653434,73.08457094678265
0.1,25896.951626829985,72.98038879786735
0.1,26640.909281214394,72.87621134901765
0.1,27406.239064623587,72.77203940700872
0.1,28193.554947350574,72.66787377401454
0.1,29003.488537590474,72.56371524762754
0.1,29836.689588135596,72.45956462087806
0.1,30693.8265176261,72.35542268225385
0.1,31575.58694677551,72.25129021571928
0.1,32482.678250000437,72.1471680007348
0.1,33415.82812289735,72.04305681227598
0.1,34375.785166021524,71.93895742085274
0.1,35363.31948543695,71.8348705925284
0.1,36379.223310517875,71.73079708893866
0.1,37424.31162949901,71.62673766731048
0.1,38499.42284328319,71.52269308048098
0.1,39605.419438031764,71.41866407691617
0.1,40743.1886770762,71.3146514007297
0.1,41913.64331270736,71.21065579170151
0.1,43117.72231841237,71.10667798529626
0.1,44356.39164214741,71.00271871268194
0.1,45630.6449812493,70.89877870074828
0.1,46941.50457960943,70.79485867212514
0.1,48290.02204774806,70.69095934520061
0.1,49677.27920644744,70.58708143413946
0.1,51104.388954621,70.4832256489011
0.1,52572.49616211329,70.37939269525778
0.1,54082.77858814904,70.27558327481249
0.1,55636.447826166346,70.17179808501702
0.1,57234.75027579338,70.06803781918967
0.1,58878.96814274659,69.96430316653324
0.1,60570.42046745459,69.86059481215257
0.1,62310.46418323141,69.75691343707243
0.1,64100.49520484919,69.6532597182548
0.1,65941.94954838176,69.54963432861682
0.1,67836.30448321986,69.44603793704785
0.1,69785.07971718036,69.34247120842716
0.1,71789.83861566149,69.23893480364109
0.1,73852.18945582022,69.13542937960041
0.1,75973.78671678057,69.03195558925749
0.1,78156.33240690573,68.92851408162345
0.1,80401.57742919962,68.82510550178519
0.1,82711.32298593393,68.72173049092247
0.1,85087.42202362514,68.61838968632473
0.1,87531.78071952396,68.51508372140815
0.1,90046.36001080691,68.41181322573225
0.1,92633.17716769922,68.30857882501684
0.1,95294.30741178783,68.20538114115848
0.1,98031.8855808265,68.10222079224738
0.1,100848.10784136578,67.99909839258372
0.1,103745.23345058378,67.89601455269421
0.1,106725.58656872825,67.79296987934858
0.1,109791.55812362784,67.68996497557588
0.1,112945.60772876519,67.58700044068085
0.1,116190.26565645168,67.4840768702601
0.1,119528.13486768813,67.3811948562183
0.1,122961.8931003359,67.27835498678435
0.1,126494.29501727884,67.17555784652741
0.1,130128.17441629508,67.07280401637283
0.1,133866.44650341495,66.9700940736182
0.1,137712.11023158432,66.86742859194915
0.1,141668.25070651472,66.76480814145522
0.1,145738.04166164636,66.66223328864551
0.1,149924.74800421242,66.55970459646447
0.1,154231.72843444312,66.45722262430749
0.1,158662.43814001582,66.35478792803652
0.1,163220.43156790896,66.25240105999544
0.1,167909.36527588483,66.15006256902579
0.1,172733.00086589012,66.04777300048181
0.1,177695.20800172276,65.94553289624608
0.1,182799.96751339248,65.84334279474461
0.1,188051.37459066042,65.74120323096217
0.1,193453.64206832327,65.6391147364573
0.1,199011.10380587252,65.53707783937763
0.1,204728.21816424662,65.43509306447473
0.1,210609.57158245993,65.33316093311917
0.1,216659.88225698206,65.23128196331545
0.1,222884.00392681267,65.12945666971689
0.1,229286.9297672968,65.02768556364039
0.1,235873.79639579772,64.92596915308118
0.1,242649.88799244576,64.8243079427276
0.1,249620.64053926192,64.72270243397568
0.1,256791.64618106594,64.62115312494376
0.1,264168.6577116606,64.51966051048691
0.1,271757.5931888934,64.4182250822116
0.1,279564.54068230034,64.31684732848998
0.1,287595.7631571333,64.21552773447421
0.1,295857.7034986988,64.11426678211089
0.1,304356.9896810307,64.01306495015524
0.1,313100.4400840508,63.91192271418531
0.1,322095.068963472,63.81084054661612
0.1,331348.0920778447,63.70981891671374
0.1,340866.932477252,63.60885829060932
0.1,350659.22645830334,63.50795913131311
0.1,360732.8296901948,63.40712189872834
0.1,371095.82351676276,63.306347049665106
0.1,381756.52143957757,63.20563503785418
0.1,392723.47578728065,63.10498631396081
0.1,404005.48457651987,63.00440132559837
0.1,415611.5985699751,62.90388051734205
0.1,427551.12853715225,62.8034243307425
0.1,439833.65272375743,62.703033204339356
0.1,452469.02453565394,62.60270757367463
0.1,465467.3804435517,62.502447871306344
0.1,478839.1481147889,62.402254526821814
0.1,492595.054778715,62.30212796685104
0.1,506746.1358323963,62.202068615079945
0.1,521303.7436935336,62.10207689226363
0.1,536279.5569077133,62.00215321623962
0.1,551685.5895172823,61.90229800194096
0.1,567534.2006993687,61.80251166140928
0.1,583838.1046807856,61.70279460380784
0.1,600610.3809377546,61.60314723543455
0.1,617864.4846886554,61.50356995973492
0.1,635614.257688198,61.40406317731487
0.1,653873.9393316967,61.30462728595356
0.1,672658.1780783267,61.205262680616336
0.1,691982.0432025596,61.10596975346725
0.1,711861.0368831793,61.00674889388186
0.1,732311.1066395977,60.9076004884599
0.1,753348.6581254185,60.80852492103774
0.1,774990.5682895468,60.7095225727011
0.1,797254.1989153769,60.61059382179735
0.1,820157.4105489296,60.511739043948104
0.1,843718.5768271191,60.41295861206148
0.1,867956.5992176214,60.31425289634461
0.1,892890.9221821985,60.21562226431577
0.1,918541.5487756215,60.1170670808167
0.1,944929.0566927216,60.018587708024846
0.1,972074.6147764181,59.92018450546543
0.1,1000000.0,59.82185783002361
0.25,3.0,15.496430256927075
0.25,3.0861828448117774,15.472567632341105
0.25,3.174841517203505,15.44827029075338
0.25,3.266047141796551,15.42354555454318
0.25,3.359872886453018,15.398400664402502
0.25,3.4563940209731774,15.372842780124234
0.25,3.5556879774791397,15.346878981383318
0.25,3.657834412533203,15.320516268510861
0.25,3.762915271040712,15.29376156326135
0.25,3.8710148519887015,15.266621709572995
0.25,3.982219876073044,15.239103474321203
0.25,4.0966195552683695,15.211213548065373
0.25,4.214305664396565,15.182958545788905
0.25,4.335372614751259,15.154345007632632
0.25,4.459917529837372,15.125379399621627
0.25,4.588040323286472,15.096068114385497
0.25,4.719843779010464,15.066417471872196
0.25,4.855433633657895,15.036433720055413
0.25,4.994918661439035,15.006123035635609
0.25,5.138410761387786,14.97549152473474
0.25,5.286025047130402,14.944545223584715
0.25,5.437879939233073,14.913290099209659
0.25,5.594097260202407,14.881732050102054
0.25,5.754802332215077,14.849876906892714
0.25,5.920124077654993,14.817730433014805
0.25,6.0901951225386615,14.785298325361808
0.25,6.265151902911725,14.752586214939576
0.25,6.4451347743020095,14.71959966751248
0.25,6.630288124316896,14.686344184243726
0.25,6.820760488475353,14.652825202329911
0.25,7.016704669367545,14.619048095629795
0.25,7.218277859237605,14.585018175287404
0.25,7.425641766087926,14.550740690349501
0.25,7.638962743406129,14.51622082837747
0.25,7.85841192361877,14.481463716053621
0.25,8.084165355378856,14.446474419782053
0.25,8.31640414479731,14.411257946284028
0.25,8.555314600731673,14.37581924318795
0.25,8.801088384248603,14.340163199614011
0.25,9.05392266238008,14.304294646753512
0.25,9.314020266296659,14.268218358442923
0.25,9.581589854024656,14.231939051732725
0.25,9.856846077837826,14.195461387451088
0.25,10.140009756457783,14.15878997076241
0.25,10.431308052201352,14.121929351720787
0.25,10.730974653216924,14.084884025818438
0.25,11.039249960956028,14.047658434529119
0.25,11.35638128303053,14.010256965846617
0.25,11.682623031610127,13.97268395481831
0.25,12.018236927519377,13.934943684073854
0.25,12.363492210197903,13.89704038434908
0.25,12.71866585369227,13.858978235005068
0.25,13.084042788852807,13.820761364542511
0.25,13.459916131913593,13.782393851111344
0.25,13.846587419639008,13.743879723015757
0.25,14.244366851225493,13.70522295921455
0.25,14.653573537152557,13.666427489816932
0.25,15.074535755182685,13.62749719657376
0.25,15.507591213715518,13.588435913364298
0.25,15.953087322707558,13.549247426678514
0.25,16.41138147237477,13.509935476094928
0.25,16.88284131990163,13.4705037547541
0.25,17.367845084386612,13.430955909827789
0.25,17.86678185026084,13.391295542983743
0.25,18.380051879423142,13.351526210846284
0.25,18.908066932342056,13.311651425452622
0.25,19.4512505983823,13.271674654704979
0.25,20.010038635620756,13.23159932281856
0.25,20.584879320424548,13.191428810765391
0.25,21.17623380707165,13.151166456714071
0.25,21.784576497702574,13.110815556465482
0.25,22.410395422899835,13.07037936388446
0.25,23.054192633200618,13.029861091327492
0.25,23.7164846018566,12.989263910066496
0.25,24.39780263916417,12.94859095070863
0.25,25.098693318697336,12.907845303612259
0.25,25.81971891578523,12.86703001929909
0.25,26.561457858586174,12.82614810886245
0.25,27.324505192119872,12.785202544371817
0.25,28.10947305563023,12.744196259273613
0.25,28.916991173661632,12.703132148788258
0.25,29.747707361242703,12.66201307030355
0.25,30.602288043582753,12.620841843764415
0.25,31.481418790697884,12.579621252059026
0.25,32.38580486739565,12.538354041401336
0.25,33.3161717990594,12.497042921710058
0.25,34.27326595368635,12.455690566984138
0.25,35.25785514064612,12.414299615674711
0.25,36.27072922664026,12.37287267105362
0.25,37.31270076935677,12.33141230157849
0.25,38.38460566932803,12.289921041254404
0.25,39.48730384051502,12.24840138999221
0.25,40.62167990015588,12.206855813963502
0.25,41.78864387843218,12.165286745952248
0.25,42.98913194852203,12.123696585703184
0.25,44.224107177626195,12.082087700266925
0.25,45.494560299569116,12.040462424341849
0.25,46.801510509595055,11.998823060612807
0.25,48.14600628199678,11.957171880086644
0.25,49.52912621123284,11.91551112242458
0.25,50.951979877208046,11.873842996271483
0.25,52.41570873541146,11.832169679582066
0.25,53.92148703262588,11.790493319944007
0.25,55.470522748943566,11.748816034898036
0.25,57.06405856684369,11.707139912255041
0.25,58.70337286810918,11.66546701041017
0.25,60.38978075938256,11.62379935865399
0.25,62.12463512718363,11.582138957480733
0.25,63.90932772323508,11.540487778893603
0.25,65.74529028096728,11.498847766707254
0.25,67.63399566409723,11.457220836847384
0.25,69.57695904820366,11.415608877647534
0.25,71.5757391362459,11.374013750143051
0.25,73.63193940900169,11.33243728836231
0.25,75.74720941142708,11.290881299615165
0.25,77.92324607597048,11.249347564778681
0.25,80.16179508390225,11.207837838580167
0.25,82.46465226575206,11.16635384987753
0.25,84.83366504197755,11.124897301936954
0.25,87.27073390501991,11.083469872708003
0.25,89.77781394393531,11.042073215096034
0.25,92.35691641282563,11.000708957232115
0.25,95.01011034432591,10.959378702740308
0.25,97.7395242094442,10.91808403100245
0.25,100.54734762508403,10.87682649742042
0.25,103.43583311062022,10.835607633675892
0.25,106.40729789493666,10.79442894798764
0.25,109.46412577537669,10.753291925366364
0.25,112.60876903009535,10.712198027867116
0.25,115.84375038535073,10.6711486948393
0.25,119.17166503930898,10.630145343174302
0.25,122.59518274399034,10.589189367550738
0.25,126.11704994702254,10.54828214067739
0.25,129.74009199492374,10.50742501353376
0.25,133.4672153996784,10.466619315608419
0.25,137.30141017042865,10.425866355134955
0.25,141.24575221214747,10.385167419325779
0.25,145.3034057932215,10.344523774603596
0.25,149.47762608392154,10.303936666830719
0.25,153.77176176779594,10.263407321536143
0.25,158.1892577280852,10.22293694414046
0.25,162.7336578113084,10.182526720178613
0.25,167.40860767024344,10.14217781552048
0.25,172.21785768857677,10.101891376589373
0.25,177.16526598957398,10.061668530578414
0.25,182.25480153117945,10.021510385664813
0.25,187.49054729003385,9.98141803122211
0.25,192.87670353695782,9.94139253803035
0.25,198.41759120653552,9.901434958484215
0.25,204.11765536349526,9.861546326799179
0.25,209.981468768674,9.821727659215638
0.25,216.01373554742068,9.781979954201084
0.25,222.21929496338578,9.742304192650305
0.25,228.60312530072326,9.702701338083662
0.25,235.1703478578163,9.663172336843433
0.25,241.92623105573705,9.623718118288243
0.25,248.8761946647285,9.584339594985629
0.25,256.0258141521073,9.545037662902702
0.25,263.38082515506716,9.505813201594995
0.25,270.9471280819796,9.466667074393419
0.25,278.7307928458748,9.427600128589454
0.25,286.7380637339082,9.388613195618492
0.25,294.975364416711,9.349707091241418
0.25,303.4493031016521,9.3108826157244
0.25,312.1666778341362,9.27214055401693
0.25,321.1344819511985,9.23348167592813
0.25,330.35990969176885,9.194906736301316
0.25,339.8503619681015,9.156416475186871
0.25,349.6134523030094,9.118011618013412
0.25,359.6570129376559,9.079692875757285
0.25,369.9891011148139,9.041460945110382
0.25,380.61800554262305,9.003316508646332
0.25,391.5522530440389,8.965260234985038
0.25,402.80061539730445,8.927292778955602
0.25,414.372116372929,8.889414781757655
0.25,426.27603897282785,8.851626871121072
0.25,438.5219328774191,8.81392966146415
0.25,451.1196221066644,8.776323754050177
0.25,464.0792129011862,8.7388097371425
0.25,477.41110182979804,8.70138818615803
0.25,491.1259841299368,8.664059663819238
0.25,505.2348622877043,8.626824720304644
0.25,519.7490548643843,8.589683893397819
0.25,534.680205576533,8.552637708634899
0.25,550.0402926369098,8.515686679450658
0.25,565.8416383637606,8.478831307323073
0.25,582.0969190661428,8.44207208191654
0.25,598.8191752132395,8.405409481223579
0.25,616.0218218958129,8.368843971705173
0.25,633.7186595881843,8.332376008429703
0.25,651.92388521939,8.296006035210485
0.25,670.6521035623741,8.259734484741946
0.25,689.9183389503772,8.223561778734425
0.25,709.7380473298967,8.187488328047635
0.25,730.1271286599125,8.15151453282279
0.25,751.1019396673007,8.115640782613395
0.25,772.6793069686918,8.079867456514746
0.25,794.8765405692761,8.044194923292105
0.25,817.7114477494113,8.008623541507601
0.25,841.2023473501446,7.973153659645857
0.25,865.3680844691385,7.937785616238338
0.25,890.2280455787619,7.902519739986462
0.25,915.8021740784968,7.867356349883463
0.25,942.110986294129,7.832295755335012
0.25,969.1755879365477,7.79733825627865
0.25,997.0176910333811,7.762484143301968
0.25,1025.6596313470227,7.727733697759643
0.25,1055.1243862930517,7.693087191889234
0.25,1085.4355933733896,7.658544888925846
0.25,1116.6175691390163,7.624107043215614
0.25,1148.6953286974197,7.589773900328028
0.25,1181.694605780468,7.5555456971671235
0.25,1215.6418733887647,7.521422662081539
0.25,1250.564365029086,7.487405014973446
0.25,1286.4900965619004,7.453492967406381
0.25,1323.447888676527,7.419686722711957
0.25,1361.4673900119558,7.385986476095502
0.25,1400.5791009418535,7.3523924147406055
0.25,1440.8143980428845,7.318904717912598
0.25,1482.2055592659183,7.285523557060979
0.25,1524.7857898303753,7.252249095920769
0.25,1568.5892488624258,7.21908149061285
0.25,1613.651076798471,7.186020889743249
0.25,1660.0074235758302,7.153067434501421
0.25,1707.695477633309,7.120221258757496
0.25,1756.7534957448565,7.087482489158552
0.25,1807.2208337102995,7.054851245223863
0.25,1859.1379779277204,7.022327639439185
0.25,1912.5465778728635,6.989911777350054
0.25,1967.4894795115688,6.957603757654129
0.25,2024.0107596720843,6.92540367229256
0.25,2082.1557614048143,6.893311606540426
0.25,2141.971130357846,6.861327639096222
0.25,2203.504852197493,6.829451842170419
0.25,2266.8062911038037,6.797684281573106
0.25,2331.926229371991,6.766025016800694
0.25,2398.9169081514833,6.7344741011217675
0.25,2467.8320693553405,6.703031581661968
0.25,2538.7269987735986,6.671697499488058
0.25,2611.658570425191,6.640471889691056
0.25,2686.6852921839572,6.609354781468522
0.25,2763.867352715417,6.578346198205978
0.25,2843.2666697618884,6.547446157557475
0.25,2924.9469398147494,6.516654671525291
0.25,3008.9736892136634,6.485971746538823
0.25,3095.414326713736,6.455397383532619
0.25,3184.338197562845,6.424931578023603
0.25,3275.8166391324344,6.394574320187485
0.25,3369.923038146499,6.364325594934337
0.25,3466.732889554568,6.334185381983408
0.25,3566.323857096025,6.304153655937108
0.25,3668.7758356042386,6.274230386354238
0.25,3774.1710151006,6.244415537822413
0.25,3882.593946729772,6.214709070029739
0.25,3994.13161058916,6.1851109378357005
0.25,4108.873485506898,6.155621091341324
0.25,4226.911620824456,6.126239475958558
0.25,4348.340710241328,6.09696603247893
0.25,4473.258167781147,6.0678006971414735
0.25,4601.764205940115,6.038743401699903
0.25,4733.961916080422,6.0097940734890924
0.25,4869.957351133233,5.980952635490824
0.25,5009.85961067746,5.952219006398835
0.25,5153.780928462731,5.923593100683161
0.25,5301.8367624465955,5.895074828653788
0.25,5454.145887418369,5.866664096523609
0.25,5610.830490283756,5.838360806470711
0.25,5772.016268086863,5.810164856699976
0.25,5937.832528848055,5.782076141504022
0.25,6108.412295298736,5.754094551323468
0.25,6283.8924115960945,5.726219972806569
0.25,6464.413653103595,5.698452288868171
0.25,6650.120839325118,5.6707913787480475
0.25,6841.162950083489,5.643237118068582
0.25,7037.693245036535,5.615789378891826
0.25,7239.86938662649,5.58844802977594
0.25,7447.85356656155,5.561212935830997
0.25,7661.812635930818,5.534083958774187
0.25,7881.918239057269,5.507060956984412
0.25,8108.346951195861,5.480143785556278
0.25,8341.280420187519,5.453332296353487
0.25,8580.90551218236,5.426626338061647
0.25,8827.414461549342,5.40002575624049
0.25,9081.00502509232,5.373530393375523
0.25,9341.880640696492,5.347140088929087
0.25,9610.250590532261,5.320854679390864
0.25,9886.330168947634,5.294673998327824
0.25,10170.340855183764,5.268597876433598
0.25,10462.510491052162,5.242626141577314
0.25,10763.073463716148,5.216758618851881
0.25,11072.2708937232,5.190995130621749
0.25,11390.350828439108,5.165335496570086
0.25,11717.568441038802,5.139779533745495
0.25,12054.18623521395,5.114327056608142
0.25,12400.474255761168,5.088977877075403
0.25,12756.710305220075,5.063731804566973
0.25,13123.180166734608,5.038588646049486
0.25,13500.177833316844,5.013548206080608
0.25,13888.00574369687,4.988610286852653
0.25,14286.975024948242,4.96377468823567
0.25,14697.405742083201,4.939041207820089
0.25,15119.627154818436,4.914409640958824
0.25,15553.977981716993,4.889879780808947
0.25,16000.80667191834,4.865451418372847
0.25,16460.471684674747,4.841124342538937
0.25,16933.341776917747,4.8168983401218926
0.25,17419.79629908605,4.792773195902423
0.25,17920.22549945166,4.768748692666583
0.25,18435.03083718877,4.744824611244638
0.25,18964.625304436035,4.7210007305494734
0.25,19509.43375761128,4.697276827614568
0.25,20069.893258243872,4.673652677631513
0.25,20646.453423598603,4.6501280539871095
0.25,21239.57678737181,4.62670272830002
0.25,21849.739170749785,4.603376470457017
0.25,22477.430064126645,4.580149048648772
0.25,23123.15301978801,4.5570202294052615
0.25,23787.42605587581,4.533989777630725
0.25,24470.78207195755,4.511057456638248
0.25,25173.76927653434,4.488223028183908
0.25,25896.951626829985,4.465486252500528
0.25,26640.909281214394,4.44284688833103
0.25,27406.239064623587,4.42030469296141
0.25,28193.554947350574,4.397859422253292
0.25,29003.488537590474,4.375510830676119
0.25,29836.689588135596,4.353258671338944
0.25,30693.8265176261,4.331102696021862
0.25,31575.58694677551,4.3090426552070475
0.25,32482.678250000437,4.287078298109424
0.25,33415.82812289735,4.265209372706976
0.25,34375.785166021524,4.2434356257706805
0.25,35363.31948543695,4.221756802894089
0.25,36379.223310517875,4.200172648522552
0.25,37424.31162949901,4.178682905982086
0.25,38499.42284328319,4.157287317507883
0.25,39605.419438031764,4.135985624272492
0.25,40743.1886770762,4.114777566413639
0.25,41913.64331270736,4.09366288306172
0.25,43117.72231841237,4.07264131236695
0.25,44356.39164214741,4.051712591526179
0.25,45630.6449812493,4.030876456809384
0.25,46941.50457960943,4.010132643585833
0.25,48290.02204774806,3.9894808863499174
0.25,49677.27920644744,3.9689209187466843
0.25,51104.388954621,3.948452473597018
0.25,52572.49616211329,3.9280752829225567
0.25,54082.77858814904,3.9077890779702495
0.25,55636.447826166346,3.887593589236645
0.25,57234.75027579338,3.8674885464918414
0.25,58878.96814274659,3.8474736788031763
0.25,60570.42046745459,3.8275487145585787
0.25,62310.46418323141,3.807713381489654
0.25,64100.49520484919,3.7879674066944578
0.25,65941.94954838176,3.768310516660005
0.25,67836.30448321986,3.74874243728446
0.25,69785.07971718036,3.729262893899081
0.25,71789.83861566149,3.709871611289845
0.25,73852.18945582022,3.6905683137188374
0.25,75973.78671678057,3.671352724945328
0.25,78156.33240690573,3.6522245682466052
0.25,80401.57742919962,3.633183566438522
0.25,82711.32298593393,3.614229441895787
0.25,85087.42202362514,3.595361916571986
0.25,87531.78071952396,3.5765807120193505
0.25,90046.36001080691,3.5578855494082577
0.25,92633.17716769922,3.5392761495464815
0.25,95294.30741178783,3.5207522328981926
0.25,98031.8855808265,3.5023135196027075
0.25,100848.10784136578,3.483959729492982
0.25,103745.23345058378,3.465690582113873
0.25,106725.58656872825,3.4475057967401472
0.25,109791.55812362784,3.4294050923942585
0.25,112945.60772876519,3.411388187863878
0.25,116190.26565645168,3.3934548017192023
0.25,119528.13486768813,3.375604652330011
0.25,122961.8931003359,3.357837457882517
0.25,126494.29501727884,3.3401529363959717
0.25,130128.17441629508,3.322550805739048
0.25,133866.44650341495,3.3050307836460036
0.25,137712.11023158432,3.287592587732628
0.25,141668.25070651472,3.270235935511965
0.25,145738.04166164636,3.2529605444098117
0.25,149924.74800421242,3.2357661317800237
0.25,154231.72843444312,3.2186524149195908
0.25,158662.43814001582,3.201619111083515
0.25,163220.43156790896,3.1846659374994695
0.25,167909.36527588483,3.1677926113822705
0.25,172733.00086589012,3.1509988499481225
0.25,177695.20800172276,3.1342843704286905
0.25,182799.96751339248,3.1176488900849493
0.25,188051.37459066042,3.101092126220853
0.25,193453.64206832327,3.084613796196795
0.25,199011.10380587252,3.0682136174429
0.25,204728.21816424662,3.051891307472093
0.25,210609.57158245993,3.0356465838930156
0.25,216659.88225698206,3.0194791644227186
0.25,222884.00392681267,3.003388766899211
0.25,229286.9297672968,2.987375109293787
0.25,235873.79639579772,2.971437909723209
0.25,242649.88799244576,2.955576886461678
0.25,249620.64053926192,2.9397917579526607
0.25,256791.64618106594,2.9240822428205133
0.25,264168.6577116606,2.9084480598819544
0.25,271757.5931888934,2.892888928157354
0.25,279564.54068230034,2.877404566881855
0.25,287595.7631571333,2.861994695516336
0.25,295857.7034986988,2.846659033758201
0.25,304356.9896810307,2.8313973015520055
0.25,313100.4400840508,2.816209219099926
0.25,322095.068963472,2.801094506872063
0.25,331348.0920778447,2.7860528856165954
0.25,340866.932477252,2.771084076369764
0.25,350659.22645830334,2.756187800465715
0.25,360732.8296901948,2.7413637795461785
0.25,371095.82351676276,2.7266117355700086
0.25,381756.52143957757,2.7119313908225546
0.25,392723.47578728065,2.697322467924906
0.25,404005.48457651987,2.682784689842972
0.25,415611.5985699751,2.668317779896429
0.25,427551.12853715225,2.6539214617675184
0.25,439833.65272375743,2.6395954595097058
0.25,452469.02453565394,2.625339497556193
0.25,465467.3804435517,2.6111533007283043
0.25,478839.1481147889,2.5970365942437206
0.25,492595.054778715,2.5829891037245942
0.25,506746.1358323963,2.569010555205508
0.25,521303.7436935336,2.5551006751413285
0.25,536279.5569077133,2.541259190414902
0.25,551685.5895172823,2.527485828344641
0.25,567534.2006993687,2.513780316691975
0.25,583838.1046807856,2.5001423836686616
0.25,600610.3809377546,2.486571757943998
0.25,617864.4846886554,2.473068168651889
0.25,635614.257688198,2.4596313453978023
0.25,653873.9393316967,2.446261018265587
0.25,672658.1780783267,2.432956917824202
0.25,691982.0432025596,2.4197187751342892
0.25,711861.0368831793,2.4065463217546634
0.25,732311.1066395977,2.3934392897486587
0.25,753348.6581254185,2.3803974116903803
0.25,774990.5682895468,2.367420420670835
0.25,797254.1989153769,2.3545080503039455
0.25,820157.4105489296,2.341660034732463
0.25,843718.5768271191,2.328876108633765
0.25,867956.5992176214,2.3161560072255427
0.25,892890.9221821985,2.303499466271394
0.25,918541.5487756215,2.2909062220862886
0.25,944929.0566927216,2.278376011541954
0.25,972074.6147764181,2.2659085720721346
0.25,1000000.0,2.2535036416777734
0.5,3.0,3.577969277953631
0.5,3.0861828448117774,3.5599018411367336
0.5,3.174841517203505,3.5416350544407376
0.5,3.266047141796551,3.5231780966314172
0.5,3.359872886453018,3.504539927756014
0.5,3.4563940209731774,3.485729293479381
0.5,3.5556879774791397,3.466754729341444
0.5,3.657834412533203,3.447624564937307
0.5,3.762915271040712,3.4283469280213503
0.5,3.8710148519887015,3.4089297485366385
0.5,3.982219876073044,3.3893807625709003
0.5,4.0966195552683695,3.3697075162403856
0.5,4.214305664396565,3.349917369502815
0.5,4.335372614751259,3.3300174999006646
0.5,4.459917529837372,3.310014906235983
0.5,4.588040323286472,3.2899164121779365
0.5,4.719843779010464,3.2697286698042314
0.5,4.855433633657895,3.2494581630775765
0.5,4.994918661439035,3.2291112112583016
0.5,5.138410761387786,3.2086939722542436
0.5,5.286025047130402,3.188212445908993
0.5,5.437879939233073,3.1676724772295595
0.5,5.594097260202407,3.147079759554533
0.5,5.754802332215077,3.1264398376637477
0.5,5.920124077654993,3.1057581108304912
0.5,6.0901951225386615,3.0850398358172453
0.5,6.265151902911725,3.0642901298159497
0.5,6.4451347743020095,3.0435139733337544
0.5,6.630288124316896,3.0227162130252134
0.5,6.820760488475353,3.0019015644718516
0.5,7.016704669367545,2.9810746149100327
0.5,7.218277859237605,2.9602398259080225
0.5,7.425641766087926,2.939401535993146
0.5,7.638962743406129,2.9185639632299116
0.5,7.85841192361877,2.8977312077499446
0.5,8.084165355378856,2.87690725423461
0.5,8.31640414479731,2.8560959743511223
0.5,8.555314600731673,2.8353011291429717
0.5,8.801088384248603,2.8145263713754765
0.5,9.05392266238008,2.793775247837237
0.5,9.314020266296659,2.7730512015982853
0.5,9.581589854024656,2.7523575742256714
0.5,9.856846077837826,2.731697607957256
0.5,10.140009756457783,2.711074447834438
0.5,10.431308052201352,2.6904911437945387
0.5,10.730974653216924,2.6699506527235712
0.5,11.039249960956028,2.649455840470068
0.5,11.35638128303053,2.6290094838206866
0.5,11.682623031610127,2.608614272438249
0.5,12.018236927519377,2.588272810762887
0.5,12.363492210197903,2.5679876198769507
0.5,12.71866585369227,2.5477611393343205
0.5,13.084042788852807,2.527595728954751
0.5,13.459916131913593,2.507493670583881
0.5,13.846587419639008,2.4874571698195034
0.5,14.244366851225493,2.4674883577047124
0.5,14.653573537152557,2.447589292388502
0.5,15.074535755182685,2.4277619607544128
0.5,15.507591213715518,2.408008280017786
0.5,15.953087322707558,2.3883300992921876
0.5,16.41138147237477,2.3687292011255567
0.5,16.88284131990163,2.349207303006616
0.5,17.367845084386612,2.3297660588420857
0.5,17.86678185026084,2.3104070604052076
0.5,18.380051879423142,2.2911318387561126
0.5,18.908066932342056,2.2719418656345236
0.5,19.4512505983823,2.252838554825298
0.5,20.010038635620756,2.2338232634972957
0.5,20.584879320424548,2.214897293516053
0.5,21.17623380707165,2.196061892730736
0.5,21.784576497702574,2.1773182562358335
0.5,22.410395422899835,2.1586675276080483
0.5,23.054192633200618,2.1401108001188343
0.5,23.7164846018566,2.1216491179230244
0.5,24.39780263916417,2.1032834772239686
0.5,25.098693318697336,2.08501482741562
0.5,25.81971891578523,2.0668440722019916
0.5,26.561457858586174,2.04877207069437
0.5,27.324505192119872,2.0307996384867173
0.5,28.10947305563023,2.0129275487096474
0.5,28.916991173661632,1.9951565330633585
0.5,29.747707361242703,1.9774872828299161
0.5,30.602288043582753,1.959920449865262
0.5,31.481418790697884,1.9424566475713125
0.5,32.38580486739565,1.925096451848517
0.5,33.3161717990594,1.9078404020292272
0.5,34.27326595368635,1.8906890017922364
0.5,35.25785514064612,1.873642720058828
0.5,36.27072922664026,1.856701991870673
0.5,37.31270076935677,1.8398672192499108
0.5,38.38460566932803,1.8231387720417433
0.5,39.48730384051502,1.806516988739859
0.5,40.62167990015588,1.790002177295007
0.5,41.78864387843218,1.7735946159070277
0.5,42.98913194852203,1.7572945538006555
0.5,44.224107177626195,1.741102211985376
0.5,45.494560299569116,1.7250177839996508
0.5,46.801510509595055,1.7090414366397892
0.5,48.14600628199678,1.6931733106737517
0.5,49.52912621123284,1.677413521540167
0.5,50.951979877208046,1.66176216003284
0.5,52.41570873541146,1.6462192929710149
0.5,53.92148703262588,1.6307849638556622
0.5,55.470522748943566,1.6154591935120477
0.5,57.06405856684369,1.6002419807188442
0.5,58.70337286810918,1.585133302824033
0.5,60.38978075938256,1.5701331163478407
0.5,62.12463512718363,1.555241357572962
0.5,63.90932772323508,1.5404579431222982
0.5,65.74529028096728,1.5257827705244495
0.5,67.63399566409723,1.5112157187671942
0.5,69.57695904820366,1.4967566488391737
0.5,71.5757391362459,1.4824054042600128
0.5,73.63193940900169,1.4681618115990893
0.5,75.74720941142708,1.4540256809831664
0.5,77.92324607597048,1.439996806593106
0.5,80.16179508390225,1.4260749671498547
0.5,82.46465226575206,1.4122599263899267
0.5,84.83366504197755,1.3985514335305602
0.5,87.27073390501991,1.3849492237247658
0.5,89.77781394393531,1.3714530185064373
0.5,92.35691641282563,1.3580625262257358
0.5,95.01011034432591,1.344777442474916
0.5,97.7395242094442,1.3315974505047832
0.5,100.54734762508403,1.3185222216319676
0.5,103.43583311062022,1.305551415637176
0.5,106.40729789493666,1.2926846811546109
0.5,109.46412577537669,1.279921656052712
0.5,112.60876903009535,1.2672619678064034
0.5,115.84375038535073,1.2547052338609865
0.5,119.17166503930898,1.2422510619878724
0.5,122.59518274399034,1.2298990506322731
0.5,126.11704994702254,1.2176487892530476
0.5,129.74009199492374,1.2054998586548156
0.5,133.4672153996784,1.1934518313125244
0.5,137.30141017042865,1.1815042716885846
0.5,141.24575221214747,1.1696567365427482
0.5,145.3034057932215,1.157908775234843
0.5,149.47762608392154,1.1462599300205245
0.5,153.77176176779594,1.1347097363401726
0.5,158.1892577280852,1.1232577231010643
0.5,162.7336578113084,1.1119034129529637
0.5,167.40860767024344,1.1006463225572478
0.5,172.21785768857677,1.0894859628497071
0.5,177.16526598957398,1.0784218392971328
0.5,182.25480153117945,1.0674534521478263
0.5,187.49054729003385,1.0565802966761402
0.5,192.87670353695782,1.0458018634211768
0.5,198.41759120653552,1.0351176384197551
0.5,204.11765536349526,1.0245271034337662
0.5,209.981468768674,1.0140297361720176
0.5,216.01373554742068,1.0036250105066922
0.5,222.21929496338578,0.9933123966845164
0.5,228.60312530072326,0.9830913615327478
0.5,235.1703478578163,0.9729613686600901
0.5,241.92623105573705,0.9629218786526291
0.5,248.8761946647285,0.9529723492649005
0.5,256.0258141521073,0.9431122356061755
0.5,263.38082515506716,0.9333409903220743
0.5,270.9471280819796,0.923658063771587
0.5,278.7307928458748,0.9140629041996124
0.5,286.7380637339082,0.904554957905088
0.5,294.975364416711,0.8951336694048164
0.5,303.4493031016521,0.8857984815930637
0.5,312.1666778341362,0.8765488358970273
0.5,321.1344819511985,0.8673841724282475
0.5,330.35990969176885,0.8583039301300535
0.5,339.8503619681015,0.849307546921123
0.5,349.6134523030094,0.8403944598352336
0.5,359.6570129376559,0.8315641051572896
0.5,369.9891011148139,0.8228159185556944
0.5,380.61800554262305,0.8141493352111518
0.5,391.5522530440389,0.8055637899419658
0.5,402.80061539730445,0.79705871732591
0.5,414.372116372929,0.7886335518187481
0.5,426.27603897282785,0.7802877278694598
0.5,438.5219328774191,0.77202068003226
0.5,451.1196221066644,0.7638318430754604
0.5,464.0792129011862,0.7557206520872548
0.5,477.41110182979804,0.7476865425784837
0.5,491.1259841299368,0.7397289505824467
0.5,505.2348622877043,0.7318473127518249
0.5,519.7490548643843,0.7240410664527737
0.5,534.680205576533,0.7163096498562447
0.5,550.0402926369098,0.7086525020266052
0.5,565.8416383637606,0.7010690630075953
0.5,582.0969190661428,0.6935587739057024
0.5,598.8191752132395,0.68612107697099
0.5,616.0218218958129,0.6787554156754443
0.5,633.7186595881843,0.671461234788895
0.5,651.92388521939,0.6642379804525541
0.5,670.6521035623741,0.6570851002502345
0.5,689.9183389503772,0.6500020432772913
0.5,709.7380473298967,0.6429882602073411
0.5,730.1271286599125,0.6360432033568048
0.5,751.1019396673007,0.6291663267473242
0.5,772.6793069686918,0.6223570861660973
0.5,794.8765405692761,0.6156149392241812
0.5,817.7114477494113,0.6089393454128037
0.5,841.2023473501446,0.6023297661577341
0.5,865.3680844691385,0.5957856648717496
0.5,890.2280455787619,0.5893065070052461
0.5,915.8021740784968,0.5828917600950323
0.5,942.110986294129,0.576540893811347
0.5,969.1755879365477,0.5702533800031452
0.5,997.0176910333811,0.5640286927416839
0.5,1025.6596313470227,0.5578663083624564
0.5,1055.1243862930517,0.5517657055055035
0.5,1085.4355933733896,0.5457263651541466
0.5,1116.6175691390163,0.5397477706721734
0.5,1148.6953286974197,0.5338294078395168
0.5,1181.694605780468,0.5279707648864572
0.5,1215.6418733887647,0.5221713325263879
0.5,1250.564365029086,0.5164306039871713
0.5,1286.4900965619004,0.510748075041126
0.5,1323.447888676527,0.5051232440336703
0.5,1361.4673900119558,0.49955561191065817
0.5,1400.5791009418535,0.494044682244439
0.5,1440.8143980428845,0.4885899612586671
0.5,1482.2055592659183,0.48319095785189825
0.5,1524.7857898303753,0.4778471836199942
0.5,1568.5892488624258,0.47255815287737185
0.5,1613.651076798471,0.4673233826771187
0.5,1660.0074235758302,0.46214239283000713
0.5,1707.695477633309,0.4570147059224307
0.5,1756.7534957448565,0.4519398473332925
0.5,1807.2208337102995,0.44691734524986804
0.5,1859.1379779277204,0.4419467306826712
0.5,1912.5465778728635,0.43702753747934575
0.5,1967.4894795115688,0.4321593023376092
0.5,2024.0107596720843,0.42734156481727026
0.5,2082.1557614048143,0.42257386735134544
0.5,2141.971130357846,0.4178557552562981
0.5,2203.504852197493,0.4131867767414189
0.5,2266.8062911038037,0.4085664829173756
0.5,2331.926229371991,0.40399442780394706
0.5,2398.9169081514833,0.3994701683369693
0.5,2467.8320693553405,0.3949932643745075
0.5,2538.7269987735986,0.39056327870228197
0.5,2611.658570425191,0.3861797770383591
0.5,2686.6852921839572,0.381842328037136
0.5,2763.867352715417,0.37755050329262946
0.5,2843.2666697618884,0.3733038773410952
0.5,2924.9469398147494,0.36910202766298905
0.5,3008.9736892136634,0.3649445346842934
0.5,3095.414326713736,0.36083098177722334
0.5,3184.338197562845,0.3567609552603305
0.5,3275.8166391324344,0.3527340443980228
0.5,3369.923038146499,0.34874984139951204
0.5,3466.732889554568,0.34480794141721194
0.5,3566.323857096025,0.34090794254459655
0.5,3668.7758356042386,0.3370494458135395
0.5,3774.1710151006,0.333232055191143
0.5,3882.593946729772,0.32945537757607823
0.5,3994.13161058916,0.3257190227944465
0.5,4108.873485506898,0.32202260359517854
0.5,4226.911620824456,0.3183657356449823
0.5,4348.340710241328,0.3147480375228566
0.5,4473.258167781147,0.3111691307141826
0.5,4601.764205940115,0.30762863960440284
0.5,4733.961916080422,0.30412619147230663
0.5,4869.957351133233,0.3006614164829285
0.5,5009.85961067746,0.29723394768007627
0.5,5153.780928462731,0.29384342097849636
0.5,5301.8367624465955,0.2904894751556918
0.5,5454.145887418369,0.28717175184340205
0.5,5610.830490283756,0.2838898955187575
0.5,5772.016268086863,0.28064355349511555
0.5,5937.832528848055,0.27743237591259606
0.5,6108.412295298736,0.274256015728317
0.5,6283.8924115960945,0.2711141287063515
0.5,6464.413653103595,0.26800637340740496
0.5,6650.120839325118,0.2649324111782318
0.5,6841.162950083489,0.26189190614079344
0.5,7037.693245036535,0.25888452518117266
0.5,7239.86938662649,0.25590993793825056
0.5,7447.85356656155,0.252967816792154
0.5,7661.812635930818,0.25005783685248545
0.5,7881.918239057269,0.24717967594634044
0.5,8108.346951195861,0.24433301460612414
0.5,8341.280420187519,0.24151753605717038
0.5,8580.90551218236,0.23873292620517675
0.5,8827.414461549342,0.23597887362345882
0.5,9081.00502509232,0.23325506954003444
0.5,9341.880640696492,0.23056120782454137
0.5,9610.250590532261,0.22789698497500036
0.5,9886.330168947634,0.22526210010442738
0.5,10170.340855183764,0.2226562549273015
0.5,10462.510491052162,0.22007915374589807
0.5,10763.073463716148,0.2175305034364905
0.5,11072.2708937232,0.21501001343542994
0.5,11390.350828439108,0.21251739572510456
0.5,11717.568441038802,0.21005236481979198
0.5,12054.18623521395,0.20761463775140132
0.5,12400.474255761168,0.20520393405511977
0.5,12756.710305220075,0.20281997575496127
0.5,13123.180166734608,0.20046248734923053
0.5,13500.177833316844,0.19813119579589997
0.5,13888.00574369687,0.19582583049791202
0.5,14286.975024948242,0.19354612328840498
0.5,14697.405742083201,0.19129180841587481
0.5,15119.627154818436,0.18906262252927
0.5,15553.977981716993,0.18685830466303094
0.5,16000.80667191834,0.18467859622207333
0.5,16460.471684674747,0.18252324096672345
0.5,16933.341776917747,0.18039198499760786
0.5,17419.79629908605,0.17828457674050294
0.5,17920.22549945166,0.17620076693114647
0.5,18435.03083718877,0.17414030860001808
0.5,18964.625304436035,0.17210295705708994
0.5,19509.43375761128,0.17008846987655357
0.5,20069.893258243872,0.16809660688152406
0.5,20646.453423598603,0.16612713012872804
0.5,21239.57678737181,0.1641798038931769
0.5,21849.739170749785,0.1622543946528301
0.5,22477.430064126645,0.1603506710732498
0.5,23123.15301978801,0.15846840399225354
0.5,23787.42605587581,0.15660736640456327
0.5,24470.78207195755,0.15476733344645976
0.5,25173.76927653434,0.15294808238043953
0.5,25896.951626829985,0.15114939257988072
0.5,26640.909281214394,0.1493710455137199
0.5,27406.239064623587,0.14761282473114284
0.5,28193.554947350574,0.14587451584629066
0.5,29003.488537590474,0.14415590652298496
0.5,29836.689588135596,0.14245678645947418
0.5,30693.8265176261,0.14077694737320473
0.5,31575.58694677551,0.1391161829856166
0.5,32482.678250000437,0.1374742890069679
0.5,33415.82812289735,0.1358510631211905
0.5,34375.785166021524,0.13424630497077739
0.5,35363.31948543695,0.13265981614170555
0.5,36379.223310517875,0.1310914001483951
0.5,37424.31162949901,0.12954086241870774
0.5,38499.42284328319,0.12800801027898487
0.5,39605.419438031764,0.12649265293912898
0.5,40743.1886770762,0.12499460147772881
0.5,41913.64331270736,0.12351366882723071
0.5,43117.72231841237,0.12204966975915695
0.5,44356.39164214741,0.12060242086937382
0.5,45630.6449812493,0.11917174056341004
0.5,46941.50457960943,0.11775744904182761
0.5,48290.02204774806,0.11635936828564572
0.5,49677.27920644744,0.1149773220418206
0.5,51104.388954621,0.11361113580878014
0.5,52572.49616211329,0.11226063682201835
0.5,54082.77858814904,0.11092565403974627
0.5,55636.447826166346,0.10960601812860502
0.5,57234.75027579338,0.10830156144943795
0.5,58878.96814274659,0.10701211804312752
0.5,60570.42046745459,0.10573752361649319
0.5,62310.46418323141,0.10447761552825555
0.5,64100.49520484919,0.10323223277506394
0.5,65941.94954838176,0.10200121597759271
0.5,67836.30448321986,0.10078440736670223
0.5,69785.07971718036,0.09958165076967002
0.5,71789.83861566149,0.09839279159648877
0.5,73852.18945582022,0.09721767682623625
0.5,75973.78671678057,0.09605615499351343
0.5,78156.33240690573,0.09490807617495549
0.5,80401.57742919962,0.09377329197581334
0.5,82711.32298593393,0.09265165551660841
0.5,85087.42202362514,0.09154302141986008
0.5,87531.78071952396,0.09044724579688727
0.5,90046.36001080691,0.08936418623468337
0.5,92633.17716769922,0.08829370178286669
0.5,95294.30741178783,0.08723565294070576
0.5,98031.8855808265,0.08618990164422066
0.5,100848.10784136578,0.08515631125335973
0.5,103745.23345058378,0.0841347465392537
0.5,106725.58656872825,0.08312507367154603
0.5,109791.55812362784,0.08212716020580128
0.5,112945.60772876519,0.08114087507098998
0.5,116190.26565645168,0.08016608855705275
0.5,119528.13486768813,0.07920267230254116
0.5,122961.8931003359,0.07825049928233858
0.5,126494.29501727884,0.07730944379545857
0.5,130128.17441629508,0.07637938145292245
0.5,133866.44650341495,0.07546018916571615
0.5,137712.11023158432,0.0745517451328265
0.5,141668.25070651472,0.0736539288293566
0.5,145738.04166164636,0.07276662099472062
0.5,149924.74800421242,0.07188970362091866
0.5,154231.72843444312,0.07102305994089131
0.5,158662.43814001582,0.0701665744169539
0.5,163220.43156790896,0.06932013272931059
0.5,167909.36527588483,0.06848362176464873
0.5,172733.00086589012,0.06765692960481252
0.5,177695.20800172276,0.0668399455155577
0.5,182799.96751339248,0.06603255993538498
0.5,188051.37459066042,0.06523466446445444
0.5,193453.64206832327,0.06444615185357887
0.5,199011.10380587252,0.063666915993298
0.5,204728.21816424662,0.06289685190303146
0.5,210609.57158245993,0.06213585572031234
0.5,216659.88225698206,0.06138382469009932
0.5,222884.00392681267,0.06064065715416956
0.5,229286.9297672968,0.059906252540589594
0.5,235873.79639579772,0.059180511353266685
0.5,242649.88799244576,0.058463335161577985
0.5,249620.64053926192,0.057754626590080065
0.5,256791.64618106594,0.05705428930829575
0.5,264168.6577116606,0.05636222802058071
0.5,271757.5931888934,0.05567834845606754
0.5,279564.54068230034,0.05500255735868858
0.5,287595.7631571333,0.05433476247727648
0.5,295857.7034986988,0.05367487255574263
0.5,304356.9896810307,0.05302279732333289
0.5,313100.4400840508,0.05237844748496083
0.5,322095.068963472,0.051741734711617846
0.5,331348.0920778447,0.05111257163086031
0.5,340866.932477252,0.050490871817372794
0.5,350659.22645830334,0.04987654978360797
0.5,360732.8296901948,0.04926952097050219
0.5,371095.82351676276,0.048669701738267075
0.5,381756.52143957757,0.048077009357255944
0.5,392723.47578728065,0.04749136199890606
0.5,404005.48457651987,0.046912678726754774
0.5,415611.5985699751,0.04634087948753119
0.5,427551.12853715225,0.04577588510232097
0.5,439833.65272375743,0.04521761725780577
0.5,452469.02453565394,0.04466599849757541
0.5,465467.3804435517,0.044120952213514135
0.5,478839.1481147889,0.043582402637258766
0.5,492595.054778715,0.04305027483173011
0.5,506746.1358323963,0.04252449468273572
0.5,521303.7436935336,0.042004988890645356
0.5,536279.5569077133,0.041491684962136975
0.5,551685.5895172823,0.04098451120201443
0.5,567534.2006993687,0.040483396705095515
0.5,583838.1046807856,0.03998827134817026
0.5,600610.3809377546,0.039499065782029566
0.5,617864.4846886554,0.0390157114235631
0.5,635614.257688198,0.038538140447926465
0.5,653873.9393316967,0.038066285780776934
0.5,672658.1780783267,0.03760008109057825
0.5,691982.0432025596,0.03713946078097261
0.5,711861.0368831793,0.03668435998322111
0.5,732311.1066395977,0.03623471454871059
0.5,753348.6581254185,0.03579046104152825
0.5,774990.5682895468,0.035351536731101835
0.5,797254.1989153769,0.0349178795849066
0.5,820157.4105489296,0.03448942826123732
0.5,843718.5768271191,0.034066122102046
0.5,867956.5992176214,0.03364790112584416
0.5,892890.9221821985,0.03323470602066972
0.5,918541.5487756215,0.032826478137117684
0.5,944929.0566927216,0.03242315948143466
0.5,972074.6147764181,0.03202469270867645
0.5,1000000.0,0.031631021115928554
